LOGLB,NUMG,LOGG,LOGB,TAGW,GHIST,LOGP1,GHIST1,mispredictions,p2 latency,energy per instruction
4,6,10,10,14,150,19,11,11864.0,1.57,1709.0
5,6,10,10,14,112,11,5,12148.0,1.58,852.0
4,5,10,10,14,145,11,5,12083.0,1.53,927.0
4,6,10,10,10,145,15,4,11917.0,1.49,1409.0
4,6,10,10,10,145,12,4,12026.0,1.53,1004.0
4,4,8,10,13,187,10,5,14180.0,1.33,501.0
5,6,10,10,12,125,11,4,12243.0,1.57,803.0
4,6,11,14,14,145,10,10,11714.0,1.83,1705.0
4,6,10,10,14,145,10,11,11928.0,1.56,1100.0
4,6,10,13,13,145,11,5,11887.0,1.57,1268.0
5,6,8,10,12,112,10,11,12918.0,1.41,539.0
4,5,8,9,11,112,10,11,13666.0,1.33,503.0
5,6,9,11,13,145,10,10,12325.0,1.53,717.0
5,5,8,12,10,145,10,10,13624.0,1.35,454.0
4,6,8,10,8,112,12,4,14161.0,1.32,587.0
5,4,9,9,11,187,10,10,13941.0,1.38,406.0
4,6,11,10,14,145,10,5,11737.0,1.77,1348.0
4,6,10,13,14,145,19,5,11838.0,1.58,1782.0
4,5,10,10,14,145,10,4,12055.0,1.54,918.0
4,6,10,10,13,145,10,11,11938.0,1.54,1064.0
5,6,9,11,14,145,10,10,12287.0,1.53,728.0
4,6,10,10,10,179,11,7,12020.0,1.5,1009.0
4,5,9,8,13,145,11,4,12505.0,1.46,668.0
5,6,8,10,14,112,10,11,12910.0,1.42,566.0
4,4,8,9,13,187,10,11,14230.0,1.3,462.0
4,6,11,13,14,145,10,5,11706.0,1.84,1644.0
5,6,9,11,10,145,10,4,12681.0,1.44,589.0
4,4,8,8,8,63,10,10,15359.0,1.24,385.0
5,4,8,10,8,66,10,4,29567.0,1.3,337.0
5,5,8,9,10,132,10,5,13915.0,1.37,408.0
5,6,10,10,14,145,10,4,12103.0,1.6,837.0
4,6,8,9,11,112,10,10,13125.0,1.38,582.0
4,6,8,9,13,145,10,5,12967.0,1.35,615.0
4,5,10,10,10,145,10,4,12314.0,1.52,817.0
4,6,8,13,13,145,10,5,12745.0,1.35,715.0
5,4,8,9,13,63,10,4,14564.0,1.33,385.0
5,4,8,10,12,66,10,9,14734.0,1.32,376.0
5,4,8,11,13,67,11,4,14663.0,1.3,406.0
4,6,8,12,11,112,10,11,12908.0,1.38,639.0
5,5,8,13,14,145,10,5,13202.0,1.39,552.0
4,6,9,10,10,145,13,11,12531.0,1.44,804.0
4,6,8,10,11,112,10,4,12987.0,1.34,633.0
4,6,11,14,10,145,11,4,11734.0,1.69,1408.0
5,6,9,11,10,145,10,6,12659.0,1.44,590.0
4,5,10,10,10,153,11,11,12310.0,1.51,837.0
4,6,11,13,14,145,11,4,11715.0,1.83,1618.0
4,4,8,9,12,187,10,11,14520.0,1.3,450.0
4,8,8,13,11,145,10,4,12562.0,1.41,869.0
4,8,11,10,14,179,10,4,11558.0,1.85,1862.0
4,4,8,10,8,63,10,4,15328.0,1.26,400.0
4,4,8,8,13,187,10,4,14125.0,1.34,495.0
4,4,8,9,8,66,10,4,15376.0,1.3,383.0
5,6,10,10,14,145,11,10,12050.0,1.59,857.0
5,4,8,10,10,66,10,4,14790.0,1.31,350.0
5,6,9,11,11,112,10,10,12585.0,1.46,604.0
5,6,8,9,10,132,10,7,13489.0,1.35,469.0
5,4,8,9,10,66,10,4,14690.0,1.34,358.0
4,5,9,10,12,145,13,11,12367.0,1.47,776.0
4,8,11,12,14,179,10,11,11526.0,1.86,1923.0
4,5,8,10,11,145,11,11,13420.0,1.34,560.0
4,4,8,10,8,63,11,4,15315.0,1.26,416.0
5,4,8,10,14,66,10,4,14434.0,1.33,391.0
5,4,8,10,9,66,13,4,15200.0,1.29,419.0
4,5,8,12,13,145,10,5,13104.0,1.37,602.0
4,6,11,13,10,145,11,4,11825.0,1.68,1321.0
5,4,8,8,8,63,11,4,29942.0,1.28,356.0
4,6,9,10,12,134,10,4,12481.0,1.46,771.0
4,6,10,9,13,145,15,5,11910.0,1.56,1544.0
4,8,11,10,12,179,12,11,11619.0,1.82,1795.0
4,5,11,10,14,145,10,11,11749.0,1.74,1113.0
4,5,11,10,10,145,11,4,11928.0,1.65,969.0
4,4,8,8,11,63,10,10,14804.0,1.29,432.0
5,4,8,8,8,63,10,4,30419.0,1.28,336.0
4,6,10,8,13,145,11,5,11950.0,1.53,1051.0
4,4,8,12,13,187,10,4,14194.0,1.28,496.0
5,4,8,8,10,63,11,10,14722.0,1.31,377.0
4,6,10,10,13,145,11,10,11891.0,1.57,1194.0
4,4,8,9,13,63,10,4,14661.0,1.29,445.0
4,6,10,13,10,145,10,5,12095.0,1.49,1047.0
4,6,10,13,14,145,10,4,11830.0,1.59,1291.0
5,5,8,10,10,145,10,4,13686.0,1.35,419.0
4,4,8,8,8,63,10,4,15396.0,1.24,383.0
4,6,8,12,14,112,10,11,12888.0,1.37,694.0
5,4,8,12,13,63,10,4,14636.0,1.31,406.0
4,5,11,10,10,145,11,8,11863.0,1.65,970.0
5,4,9,8,11,63,10,4,14061.0,1.37,382.0
4,6,10,8,13,145,10,4,11992.0,1.54,1039.0
4,4,8,9,13,187,10,4,14375.0,1.3,459.0
4,6,8,12,13,145,10,5,12629.0,1.39,695.0
5,5,8,10,10,132,10,4,14210.0,1.35,418.0
4,8,11,10,12,194,10,11,11636.0,1.82,1748.0
4,4,8,9,8,63,10,4,15501.0,1.3,382.0
5,5,9,8,14,145,10,11,12740.0,1.49,536.0
4,5,9,10,10,145,11,12,12692.0,1.42,634.0
4,8,11,10,12,179,11,4,11674.0,1.82,1747.0
4,5,9,10,13,145,11,11,12441.0,1.48,758.0
4,6,8,10,9,112,10,4,13681.0,1.32,595.0
5,4,8,8,8,145,10,4,30170.0,1.28,345.0
4,6,8,10,8,112,11,4,14088.0,1.32,590.0
5,5,8,9,14,154,10,4,13627.0,1.37,449.0
4,8,8,13,13,145,10,5,12519.0,1.42,943.0
4,5,10,10,13,145,11,10,12127.0,1.52,901.0
4,5,11,10,10,145,10,8,11901.0,1.66,949.0
4,5,11,8,10,145,11,8,11993.0,1.65,953.0
4,8,8,13,13,179,10,4,12405.0,1.42,947.0
4,6,8,9,13,145,19,6,12948.0,1.34,1191.0
5,5,9,12,10,145,10,4,12833.0,1.43,540.0
5,6,9,10,13,145,13,11,12349.0,1.52,739.0
5,6,8,10,14,102,12,4,13192.0,1.38,561.0
5,4,8,12,14,63,10,4,14494.0,1.31,414.0
4,5,8,8,12,145,10,11,13455.0,1.33,507.0
4,8,11,10,12,179,15,11,11598.0,1.77,2027.0
4,6,9,10,13,145,11,11,12318.0,1.48,845.0
4,5,10,12,13,145,10,10,11992.0,1.55,1012.0
4,5,9,12,10,145,10,10,12580.0,1.43,661.0
4,6,8,9,13,145,10,10,12938.0,1.35,616.0
5,5,9,12,10,112,10,10,13113.0,1.42,537.0
4,6,9,12,13,145,10,11,12306.0,1.45,849.0
5,4,9,9,11,63,10,4,13980.0,1.37,391.0
4,4,8,12,13,63,10,4,14552.0,1.27,481.0
4,5,9,12,10,145,10,4,12638.0,1.43,659.0
4,5,10,10,13,145,10,11,12105.0,1.53,891.0
4,6,9,10,12,145,13,11,12216.0,1.45,866.0
4,8,11,10,11,179,12,11,11700.0,1.82,1737.0
4,6,8,12,12,145,10,11,12903.0,1.39,687.0
5,5,9,11,10,145,10,4,12845.0,1.43,520.0
5,4,8,10,8,66,11,4,29419.0,1.29,367.0
5,4,8,10,13,63,10,4,14679.0,1.32,383.0
5,5,11,10,13,179,10,11,12231.0,1.79,833.0
5,6,8,10,10,145,10,11,13204.0,1.36,479.0
5,6,9,8,13,145,10,11,12360.0,1.5,623.0
5,4,8,9,13,66,10,4,14547.0,1.33,386.0
4,8,11,13,10,179,10,4,11724.0,1.81,1703.0
4,5,9,10,10,145,11,8,12699.0,1.42,632.0
5,5,9,9,13,145,10,4,12678.0,1.52,583.0
5,5,11,10,12,179,10,11,12234.0,1.78,811.0
5,5,8,8,14,145,10,4,13569.0,1.38,466.0
4,6,11,13,10,145,11,8,11779.0,1.68,1322.0
4,4,9,8,13,63,10,10,13782.0,1.34,502.0
4,5,8,8,12,145,10,4,13543.0,1.33,504.0
5,6,9,8,13,145,10,4,12448.0,1.5,621.0
4,8,11,13,11,179,15,4,11654.0,1.76,2053.0
4,8,8,12,12,145,10,5,12535.0,1.43,927.0
4,8,11,8,12,179,10,11,11705.0,1.82,1711.0
4,6,10,12,10,145,10,4,12141.0,1.49,995.0
4,5,8,8,13,145,11,8,13157.0,1.37,589.0
5,6,9,10,10,145,10,8,12573.0,1.49,643.0
4,6,10,10,14,145,11,11,11846.0,1.59,1233.0
4,8,11,13,11,179,11,4,11714.0,1.81,1761.0
4,6,9,10,13,145,10,4,12346.0,1.46,794.0
5,6,9,11,10,145,10,9,12611.0,1.44,591.0
5,4,8,10,10,63,10,4,15030.0,1.31,349.0
4,8,11,12,11,179,10,4,11651.0,1.83,1742.0
5,4,9,8,10,63,10,4,14026.0,1.41,389.0
4,6,8,13,11,145,10,5,12932.0,1.35,663.0
4,6,10,14,11,145,10,11,11935.0,1.55,1236.0
4,8,11,13,10,179,15,4,11700.0,1.75,2008.0
4,6,11,12,10,145,10,8,11833.0,1.69,1181.0
5,6,8,9,10,145,10,10,13290.0,1.35,472.0
